{
	"class_name" : "PinholeCameraParameters",
	"extrinsic" : 
	[
		0.42521209910086116,
		0.86182740692731019,
		-0.27649266074742002,
		0.0,
		0.70684862179490437,
		-0.50699985261933844,
		-0.49327089444909827,
		0.0,
		-0.56529611412505198,
		0.01430629626834054,
		-0.82476398638774162,
		0.0,
		-0.28338230338535664,
		-0.18456692528815616,
		2.0096993360903443,
		1.0
	],
	"intrinsic" : 
	{
		"height" : 991,
		"intrinsic_matrix" : 
		[
			858.2311751503787,
			0.0,
			0.0,
			0.0,
			858.2311751503787,
			0.0,
			959.5,
			495.0,
			1.0
		],
		"width" : 1920
	},
	"version_major" : 1,
	"version_minor" : 0
}