{
	"class_name" : "PinholeCameraParameters",
	"extrinsic" : 
	[
		0.95010565304596073,
		0.17667015275867892,
		0.25707373489785673,
		0.0,
		0.23164732308569311,
		-0.95155579469996876,
		-0.20219072006435806,
		0.0,
		0.20889893670706169,
		0.25165298865130964,
		-0.9450037076887704,
		0.0,
		-0.25202513901657325,
		0.89407304447486047,
		2.5071483038142559,
		1.0
	],
	"intrinsic" : 
	{
		"height" : 1055,
		"intrinsic_matrix" : 
		[
			913.65680099258282,
			0.0,
			0.0,
			0.0,
			913.65680099258282,
			0.0,
			959.5,
			527.0,
			1.0
		],
		"width" : 1920
	},
	"version_major" : 1,
	"version_minor" : 0
}