{
	"class_name" : "PinholeCameraParameters",
	"extrinsic" : 
	[
		0.73534081685089026,
		0.65203946890693798,
		-0.18471170526153385,
		0.0,
		0.49535852164649935,
		-0.70314654398207777,
		-0.51010280602860292,
		0.0,
		-0.46248655991851279,
		0.28360089681384681,
		-0.84004566139057091,
		0.0,
		-0.47042098398894838,
		0.66904032712490002,
		2.7877983356870968,
		1.0
	],
	"intrinsic" : 
	{
		"height" : 991,
		"intrinsic_matrix" : 
		[
			858.2311751503787,
			0.0,
			0.0,
			0.0,
			858.2311751503787,
			0.0,
			959.5,
			495.0,
			1.0
		],
		"width" : 1920
	},
	"version_major" : 1,
	"version_minor" : 0
}